Stud_Id, Stud_age, Stud_sex, Advisor_id
5, 12, 0, 1
11, 15, 0, 1
27, 14, 1, 2
18, 13, 1, 2
15, 20, 0, 2
30, 17, 0, 2
2, 16, 0, 3
19, 19, 0, 3
23, 13, 0, 3
4, 18, 1, 4
22, 15, 0, 4
10, 19, 1, 5
29, 18, 1, 5
25, 19, 0, 5
14, 12, 0, 5
12, 12, 1, 5
16, 14, 0, 6
13, 17, 0, 7
9, 20, 1, 8
21, 19, 0, 8
26, 12, 0, 8
8, 16, 0, 8
6, 20, 0, 8
17, 16, 1, 8
20, 19, 0, 9
1, 15, 1, 9
3, 20, 1, 9
24, 15, 1, 9
7, 19, 0, 9
28, 13, 1, 10
